username,role,GitHub link,
Mohamed Ahmed Yousef,CS,https://github.com/mohamedahmed-cloud
Abdalrashid Saeed Soliman,CS,https://github.com/abdabdii
Amr Yasser Saber,CS,https://github.com/AmrYasserSaber
Tmp, CS, https://github.com/MarwanAshraf03
Tmp, CS, https://github.com/Amal-Dahshan
Tmp, CS, https://github.com/0xTariq-dev
Tmp, CS, https://github.com/salem2400
Tmp, CS, https://github.com/AhmedEhab2022
Tmp, CS, https://github.com/Dinamow
Tmp, CS, https://github.com/mahmoudsalah296
Tmp, CS, https://github.com/TutTrue
Tmp, CS, https://github.com/AnisEmad
Tmp, CS, https://github.com/ahmedehab0
Tmp, CS, https://github.com/mdawoud27
Tmp, CS, https://github.com/maro222
Tmp, CS, https://github.com/0xTariq-dev
Tmp, CS, https://github.com/sarahgkmhmoud
Tmp, CS, https://github.com/rhf007
Tmp, CS, https://github.com/salem2400
Tmp, CS, https://github.com/0xTariq-dev
Tmp, CS, https://github.com/MarwanAshraf03

